{"cameraMode":{"drawMode":0,"name":"Shaded","section":"Shading Mode"},"sceneLighting":true,"audioPlay":false,"sceneViewState":{"showFog":true,"showMaterialUpdate":false,"showSkybox":true,"showFlares":true,"showImageEffects":true,"showParticleSystems":true},"in2DMode":false,"pivot":{"x":-0.0035759732127189638,"y":0.8077864646911621,"z":0.5158601999282837},"rotation":{"x":-0.14455720782279969,"y":0.7131526470184326,"z":-0.15424099564552308,"w":-0.6683779358863831},"size":0.9145295023918152,"orthographic":false}